jointAngle,jointVelocity,activation,fiberAngle,fiberAngularVelocity,passiveTorqueAngleMultiplier,activeTorqueAngleMultiplier,torqueVelocityMultiplier,activeTorque,passiveTorque,fiberTorque,jointTorque,fiberStiffness,jointStiffness,fiberActivePower,fiberPassivePower,fiberPower,jointPower,DjointTorqueDactivation,DjointTorqueDjointAngularVelocity,DjointTorqueDjointAngle
-7.3303799999999997e-01, 2.0889050403651673e+01, 1.0000000000000000e+00, 7.3303799999999997e-01, -2.0889050403651673e+01, 0.0000000000000000e+00, 1.0000000000000000e+00, 1.1190500000000001e+00, 3.0660073458058417e+01, 0.0000000000000000e+00, 3.0660073458058417e+01, -3.0660073458058417e+01, 0.0000000000000000e+00, 0.0000000000000000e+00, -6.4045981984504510e+02, -0.0000000000000000e+00, -6.4045981984504510e+02, -6.4045981984504510e+02, -3.0660073458058417e+01, -0.0000000000000000e+00, 0.0000000000000000e+00
-7.3303799999999997e-01, 2.0467049385396084e+01, 1.0000000000000000e+00, 7.3303799999999997e-01, -2.0467049385396084e+01, 0.0000000000000000e+00, 1.0000000000000000e+00, 1.1190500000000001e+00, 3.0660073458058417e+01, 0.0000000000000000e+00, 3.0660073458058417e+01, -3.0660073458058417e+01, 0.0000000000000000e+00, 0.0000000000000000e+00, -6.2752123762595329e+02, -0.0000000000000000e+00, -6.2752123762595329e+02, -6.2752123762595329e+02, -3.0660073458058417e+01, -0.0000000000000000e+00, 0.0000000000000000e+00
-7.3303799999999997e-01, 2.0045048367140495e+01, 1.0000000000000000e+00, 7.3303799999999997e-01, -2.0045048367140495e+01, 0.0000000000000000e+00, 1.0000000000000000e+00, 1.1190500000000001e+00, 3.0660073458058417e+01, 0.0000000000000000e+00, 3.0660073458058417e+01, -3.0660073458058417e+01, 0.0000000000000000e+00, 0.0000000000000000e+00, -6.1458265540686148e+02, -0.0000000000000000e+00, -6.1458265540686148e+02, -6.1458265540686148e+02, -3.0660073458058417e+01, -0.0000000000000000e+00, 0.0000000000000000e+00
-7.3303799999999997e-01, 1.9623047348884906e+01, 1.0000000000000000e+00, 7.3303799999999997e-01, -1.9623047348884906e+01, 0.0000000000000000e+00, 1.0000000000000000e+00, 1.1190500000000001e+00, 3.0660073458058417e+01, 0.0000000000000000e+00, 3.0660073458058417e+01, -3.0660073458058417e+01, 0.0000000000000000e+00, 0.0000000000000000e+00, -6.0164407318776966e+02, -0.0000000000000000e+00, -6.0164407318776966e+02, -6.0164407318776966e+02, -3.0660073458058417e+01, -0.0000000000000000e+00, 0.0000000000000000e+00
-7.3303799999999997e-01, 1.9201046330629318e+01, 1.0000000000000000e+00, 7.3303799999999997e-01, -1.9201046330629318e+01, 0.0000000000000000e+00, 1.0000000000000000e+00, 1.1190500000000001e+00, 3.0660073458058417e+01, 0.0000000000000000e+00, 3.0660073458058417e+01, -3.0660073458058417e+01, 0.0000000000000000e+00, 0.0000000000000000e+00, -5.8870549096867785e+02, -0.0000000000000000e+00, -5.8870549096867785e+02, -5.8870549096867785e+02, -3.0660073458058417e+01, -0.0000000000000000e+00, 0.0000000000000000e+00
-7.3303799999999997e-01, 1.8779045312373725e+01, 1.0000000000000000e+00, 7.3303799999999997e-01, -1.8779045312373725e+01, 0.0000000000000000e+00, 1.0000000000000000e+00, 1.1190500000000001e+00, 3.0660073458058417e+01, 0.0000000000000000e+00, 3.0660073458058417e+01, -3.0660073458058417e+01, 0.0000000000000000e+00, 0.0000000000000000e+00, -5.7576690874958592e+02, -0.0000000000000000e+00, -5.7576690874958592e+02, -5.7576690874958592e+02, -3.0660073458058417e+01, -0.0000000000000000e+00, 0.0000000000000000e+00
-7.3303799999999997e-01, 1.8357044294118136e+01, 1.0000000000000000e+00, 7.3303799999999997e-01, -1.8357044294118136e+01, 0.0000000000000000e+00, 1.0000000000000000e+00, 1.1190500000000001e+00, 3.0660073458058417e+01, 0.0000000000000000e+00, 3.0660073458058417e+01, -3.0660073458058417e+01, 0.0000000000000000e+00, 0.0000000000000000e+00, -5.6282832653049422e+02, -0.0000000000000000e+00, -5.6282832653049422e+02, -5.6282832653049422e+02, -3.0660073458058417e+01, -0.0000000000000000e+00, 0.0000000000000000e+00
-7.3303799999999997e-01, 1.7935043275862547e+01, 1.0000000000000000e+00, 7.3303799999999997e-01, -1.7935043275862547e+01, 0.0000000000000000e+00, 1.0000000000000000e+00, 1.1190500000000001e+00, 3.0660073458058417e+01, 0.0000000000000000e+00, 3.0660073458058417e+01, -3.0660073458058417e+01, 0.0000000000000000e+00, 0.0000000000000000e+00, -5.4988974431140241e+02, -0.0000000000000000e+00, -5.4988974431140241e+02, -5.4988974431140241e+02, -3.0660073458058417e+01, -0.0000000000000000e+00, 0.0000000000000000e+00
-7.3303799999999997e-01, 1.7513042257606958e+01, 1.0000000000000000e+00, 7.3303799999999997e-01, -1.7513042257606958e+01, 0.0000000000000000e+00, 1.0000000000000000e+00, 1.1190500000000001e+00, 3.0660073458058417e+01, 0.0000000000000000e+00, 3.0660073458058417e+01, -3.0660073458058417e+01, 0.0000000000000000e+00, 0.0000000000000000e+00, -5.3695116209231060e+02, -0.0000000000000000e+00, -5.3695116209231060e+02, -5.3695116209231060e+02, -3.0660073458058417e+01, -0.0000000000000000e+00, 0.0000000000000000e+00
-7.3303799999999997e-01, 1.7091041239351370e+01, 1.0000000000000000e+00, 7.3303799999999997e-01, -1.7091041239351370e+01, 0.0000000000000000e+00, 1.0000000000000000e+00, 1.1190500000000001e+00, 3.0660073458058417e+01, 0.0000000000000000e+00, 3.0660073458058417e+01, -3.0660073458058417e+01, 0.0000000000000000e+00, 0.0000000000000000e+00, -5.2401257987321878e+02, -0.0000000000000000e+00, -5.2401257987321878e+02, -5.2401257987321878e+02, -3.0660073458058417e+01, -0.0000000000000000e+00, 0.0000000000000000e+00
-7.3303799999999997e-01, 1.6669040221095781e+01, 1.0000000000000000e+00, 7.3303799999999997e-01, -1.6669040221095781e+01, 0.0000000000000000e+00, 1.0000000000000000e+00, 1.1190500000000001e+00, 3.0660073458058417e+01, 0.0000000000000000e+00, 3.0660073458058417e+01, -3.0660073458058417e+01, 0.0000000000000000e+00, 0.0000000000000000e+00, -5.1107399765412697e+02, -0.0000000000000000e+00, -5.1107399765412697e+02, -5.1107399765412697e+02, -3.0660073458058417e+01, -0.0000000000000000e+00, 0.0000000000000000e+00
-7.3303799999999997e-01, 1.6247039202840192e+01, 1.0000000000000000e+00, 7.3303799999999997e-01, -1.6247039202840192e+01, 0.0000000000000000e+00, 1.0000000000000000e+00, 1.1190500000000001e+00, 3.0660073458058417e+01, 0.0000000000000000e+00, 3.0660073458058417e+01, -3.0660073458058417e+01, 0.0000000000000000e+00, 0.0000000000000000e+00, -4.9813541543503516e+02, -0.0000000000000000e+00, -4.9813541543503516e+02, -4.9813541543503516e+02, -3.0660073458058417e+01, -0.0000000000000000e+00, 0.0000000000000000e+00
-7.3303799999999997e-01, 1.5825038184584601e+01, 1.0000000000000000e+00, 7.3303799999999997e-01, -1.5825038184584601e+01, 0.0000000000000000e+00, 1.0000000000000000e+00, 1.1190500000000001e+00, 3.0660073458058417e+01, 0.0000000000000000e+00, 3.0660073458058417e+01, -3.0660073458058417e+01, 0.0000000000000000e+00, 0.0000000000000000e+00, -4.8519683321594329e+02, -0.0000000000000000e+00, -4.8519683321594329e+02, -4.8519683321594329e+02, -3.0660073458058417e+01, -0.0000000000000000e+00, 0.0000000000000000e+00
-7.3303799999999997e-01, 1.5403037166329012e+01, 1.0000000000000000e+00, 7.3303799999999997e-01, -1.5403037166329012e+01, 0.0000000000000000e+00, 1.0000000000000000e+00, 1.1190500000000001e+00, 3.0660073458058417e+01, 0.0000000000000000e+00, 3.0660073458058417e+01, -3.0660073458058417e+01, 0.0000000000000000e+00, 0.0000000000000000e+00, -4.7225825099685147e+02, -0.0000000000000000e+00, -4.7225825099685147e+02, -4.7225825099685147e+02, -3.0660073458058417e+01, -0.0000000000000000e+00, 0.0000000000000000e+00
-7.3303799999999997e-01, 1.4981036148073422e+01, 1.0000000000000000e+00, 7.3303799999999997e-01, -1.4981036148073422e+01, 0.0000000000000000e+00, 1.0000000000000000e+00, 1.1190500000000001e+00, 3.0660073458058417e+01, 0.0000000000000000e+00, 3.0660073458058417e+01, -3.0660073458058417e+01, 0.0000000000000000e+00, 0.0000000000000000e+00, -4.5931966877775960e+02, -0.0000000000000000e+00, -4.5931966877775960e+02, -4.5931966877775960e+02, -3.0660073458058417e+01, -0.0000000000000000e+00, 0.0000000000000000e+00
-7.3303799999999997e-01, 1.4559035129817833e+01, 1.0000000000000000e+00, 7.3303799999999997e-01, -1.4559035129817833e+01, 0.0000000000000000e+00, 1.0000000000000000e+00, 1.1190500000000001e+00, 3.0660073458058417e+01, 0.0000000000000000e+00, 3.0660073458058417e+01, -3.0660073458058417e+01, 0.0000000000000000e+00, 0.0000000000000000e+00, -4.4638108655866779e+02, -0.0000000000000000e+00, -4.4638108655866779e+02, -4.4638108655866779e+02, -3.0660073458058417e+01, -0.0000000000000000e+00, 0.0000000000000000e+00
-7.3303799999999997e-01, 1.4137034111562244e+01, 1.0000000000000000e+00, 7.3303799999999997e-01, -1.4137034111562244e+01, 0.0000000000000000e+00, 1.0000000000000000e+00, 1.1190500000000001e+00, 3.0660073458058417e+01, 0.0000000000000000e+00, 3.0660073458058417e+01, -3.0660073458058417e+01, 0.0000000000000000e+00, 0.0000000000000000e+00, -4.3344250433957598e+02, -0.0000000000000000e+00, -4.3344250433957598e+02, -4.3344250433957598e+02, -3.0660073458058417e+01, -0.0000000000000000e+00, 0.0000000000000000e+00
-7.3303799999999997e-01, 1.3715033093306655e+01, 1.0000000000000000e+00, 7.3303799999999997e-01, -1.3715033093306655e+01, 0.0000000000000000e+00, 1.0000000000000000e+00, 1.1190500000000001e+00, 3.0660073458058417e+01, 0.0000000000000000e+00, 3.0660073458058417e+01, -3.0660073458058417e+01, 0.0000000000000000e+00, 0.0000000000000000e+00, -4.2050392212048422e+02, -0.0000000000000000e+00, -4.2050392212048422e+02, -4.2050392212048422e+02, -3.0660073458058417e+01, -0.0000000000000000e+00, 0.0000000000000000e+00
-7.3303799999999997e-01, 1.3293032075051066e+01, 1.0000000000000000e+00, 7.3303799999999997e-01, -1.3293032075051066e+01, 0.0000000000000000e+00, 1.0000000000000000e+00, 1.1190500000000001e+00, 3.0660073458058417e+01, 0.0000000000000000e+00, 3.0660073458058417e+01, -3.0660073458058417e+01, 0.0000000000000000e+00, 0.0000000000000000e+00, -4.0756533990139241e+02, -0.0000000000000000e+00, -4.0756533990139241e+02, -4.0756533990139241e+02, -3.0660073458058417e+01, -0.0000000000000000e+00, 0.0000000000000000e+00
-7.3303799999999997e-01, 1.2871031056795475e+01, 1.0000000000000000e+00, 7.3303799999999997e-01, -1.2871031056795475e+01, 0.0000000000000000e+00, 1.0000000000000000e+00, 1.1190500000000001e+00, 3.0660073458058417e+01, 0.0000000000000000e+00, 3.0660073458058417e+01, -3.0660073458058417e+01, 0.0000000000000000e+00, 0.0000000000000000e+00, -3.9462675768230054e+02, -0.0000000000000000e+00, -3.9462675768230054e+02, -3.9462675768230054e+02, -3.0660073458058417e+01, -0.0000000000000000e+00, 0.0000000000000000e+00
-7.3303799999999997e-01, 1.2449030038539886e+01, 1.0000000000000000e+00, 7.3303799999999997e-01, -1.2449030038539886e+01, 0.0000000000000000e+00, 1.0000000000000000e+00, 1.1190500000000001e+00, 3.0660073458058417e+01, 0.0000000000000000e+00, 3.0660073458058417e+01, -3.0660073458058417e+01, 0.0000000000000000e+00, 0.0000000000000000e+00, -3.8168817546320872e+02, -0.0000000000000000e+00, -3.8168817546320872e+02, -3.8168817546320872e+02, -3.0660073458058417e+01, -0.0000000000000000e+00, 0.0000000000000000e+00
-7.3303799999999997e-01, 1.2027029020284298e+01, 1.0000000000000000e+00, 7.3303799999999997e-01, -1.2027029020284298e+01, 0.0000000000000000e+00, 1.0000000000000000e+00, 1.1190500000000001e+00, 3.0660073458058417e+01, 0.0000000000000000e+00, 3.0660073458058417e+01, -3.0660073458058417e+01, 0.0000000000000000e+00, 0.0000000000000000e+00, -3.6874959324411691e+02, -0.0000000000000000e+00, -3.6874959324411691e+02, -3.6874959324411691e+02, -3.0660073458058417e+01, -0.0000000000000000e+00, 0.0000000000000000e+00
-7.3303799999999997e-01, 1.1605028002028707e+01, 1.0000000000000000e+00, 7.3303799999999997e-01, -1.1605028002028707e+01, 0.0000000000000000e+00, 1.0000000000000000e+00, 1.1190500000000001e+00, 3.0660073458058417e+01, 0.0000000000000000e+00, 3.0660073458058417e+01, -3.0660073458058417e+01, 0.0000000000000000e+00, 0.0000000000000000e+00, -3.5581101102502504e+02, -0.0000000000000000e+00, -3.5581101102502504e+02, -3.5581101102502504e+02, -3.0660073458058417e+01, -0.0000000000000000e+00, 0.0000000000000000e+00
-7.3303799999999997e-01, 1.1183026983773118e+01, 1.0000000000000000e+00, 7.3303799999999997e-01, -1.1183026983773118e+01, 0.0000000000000000e+00, 1.0000000000000000e+00, 1.1190500000000001e+00, 3.0660073458058417e+01, 0.0000000000000000e+00, 3.0660073458058417e+01, -3.0660073458058417e+01, 0.0000000000000000e+00, 0.0000000000000000e+00, -3.4287242880593323e+02, -0.0000000000000000e+00, -3.4287242880593323e+02, -3.4287242880593323e+02, -3.0660073458058417e+01, -0.0000000000000000e+00, 0.0000000000000000e+00
-7.3303799999999997e-01, 1.0761025965517529e+01, 1.0000000000000000e+00, 7.3303799999999997e-01, -1.0761025965517529e+01, 0.0000000000000000e+00, 1.0000000000000000e+00, 1.1190500000000001e+00, 3.0660073458058417e+01, 0.0000000000000000e+00, 3.0660073458058417e+01, -3.0660073458058417e+01, 0.0000000000000000e+00, 0.0000000000000000e+00, -3.2993384658684147e+02, -0.0000000000000000e+00, -3.2993384658684147e+02, -3.2993384658684147e+02, -3.0660073458058417e+01, -0.0000000000000000e+00, 0.0000000000000000e+00
-7.3303799999999997e-01, 1.0339024947261940e+01, 1.0000000000000000e+00, 7.3303799999999997e-01, -1.0339024947261940e+01, 0.0000000000000000e+00, 1.0000000000000000e+00, 1.1190499999999999e+00, 3.0660073458058410e+01, 0.0000000000000000e+00, 3.0660073458058410e+01, -3.0660073458058410e+01, 0.0000000000000000e+00, 0.0000000000000000e+00, -3.1699526436774954e+02, -0.0000000000000000e+00, -3.1699526436774954e+02, -3.1699526436774954e+02, -3.0660073458058410e+01, 9.5342335164576935e-16, 0.0000000000000000e+00
-7.3303799999999997e-01, 9.9170239290063513e+00, 1.0000000000000000e+00, 7.3303799999999997e-01, -9.9170239290063513e+00, 0.0000000000000000e+00, 1.0000000000000000e+00, 1.1190500000000001e+00, 3.0660073458058417e+01, 0.0000000000000000e+00, 3.0660073458058417e+01, -3.0660073458058417e+01, 0.0000000000000000e+00, 0.0000000000000000e+00, -3.0405668214865784e+02, -0.0000000000000000e+00, -3.0405668214865784e+02, -3.0405668214865784e+02, -3.0660073458058417e+01, 8.4692947866972444e-15, 0.0000000000000000e+00
-7.3303799999999997e-01, 9.4950229107507607e+00, 1.0000000000000000e+00, 7.3303799999999997e-01, -9.4950229107507607e+00, 0.0000000000000000e+00, 1.0000000000000000e+00, 1.1190500000000001e+00, 3.0660073458058417e+01, 0.0000000000000000e+00, 3.0660073458058417e+01, -3.0660073458058417e+01, 0.0000000000000000e+00, 0.0000000000000000e+00, -2.9111809992956597e+02, -0.0000000000000000e+00, -2.9111809992956597e+02, -2.9111809992956597e+02, -3.0660073458058417e+01, 1.5843362205003706e-14, 0.0000000000000000e+00
-7.3303799999999997e-01, 9.0730218924951718e+00, 1.0000000000000000e+00, 7.3303799999999997e-01, -9.0730218924951718e+00, 0.0000000000000000e+00, 1.0000000000000000e+00, 1.1190497911765351e+00, 3.0660067736649385e+01, 0.0000000000000000e+00, 3.0660067736649385e+01, -3.0660067736649385e+01, 0.0000000000000000e+00, 0.0000000000000000e+00, -2.7817946580000478e+02, -0.0000000000000000e+00, -2.7817946580000478e+02, -2.7817946580000478e+02, -3.0660067736649385e+01, -5.3176793097916334e-05, 0.0000000000000000e+00
-7.3303799999999997e-01, 8.6510208742395829e+00, 1.0000000000000000e+00, 7.3303799999999997e-01, -8.6510208742395829e+00, 0.0000000000000000e+00, 1.0000000000000000e+00, 1.1190473566695420e+00, 3.0660001035283724e+01, 0.0000000000000000e+00, 3.0660001035283724e+01, -3.0660001035283724e+01, 0.0000000000000000e+00, 0.0000000000000000e+00, -2.6524030896044673e+02, -0.0000000000000000e+00, -2.6524030896044673e+02, -2.6524030896044673e+02, -3.0660001035283724e+01, -2.9919186111589336e-04, 0.0000000000000000e+00
-7.3303799999999997e-01, 8.2290198559839922e+00, 1.0000000000000000e+00, 7.3303799999999997e-01, -8.2290198559839922e+00, 0.0000000000000000e+00, 1.0000000000000000e+00, 1.1190393360804358e+00, 3.0659781284735335e+01, 0.0000000000000000e+00, 3.0659781284735335e+01, -3.0659781284735335e+01, 0.0000000000000000e+00, 0.0000000000000000e+00, -2.5229994897221346e+02, -0.0000000000000000e+00, -2.5229994897221346e+02, -2.5229994897221346e+02, -3.0659781284735335e+01, -7.8681580492219515e-04, 0.0000000000000000e+00
-7.3303799999999997e-01, 7.8070188377284033e+00, 1.0000000000000000e+00, 7.3303799999999997e-01, -7.8070188377284033e+00, 0.0000000000000000e+00, 1.0000000000000000e+00, 1.1190215934649144e+00, 3.0659295167139852e+01, 0.0000000000000000e+00, 3.0659295167139852e+01, -3.0659295167139852e+01, 0.0000000000000000e+00, 0.0000000000000000e+00, -2.3935769492133622e+02, -0.0000000000000000e+00, -2.3935769492133622e+02, -2.3935769492133622e+02, -3.0659295167139852e+01, -1.5720469089167629e-03, 0.0000000000000000e+00
-7.3303799999999997e-01, 7.3850178194728144e+00, 1.0000000000000000e+00, 7.3303799999999997e-01, -7.3850178194728144e+00, 0.0000000000000000e+00, 1.0000000000000000e+00, 1.1189890203192960e+00, 3.0658402718154179e+01, 0.0000000000000000e+00, 3.0658402718154179e+01, -3.0658402718154179e+01, 0.0000000000000000e+00, 0.0000000000000000e+00, -2.2641285039014238e+02, -0.0000000000000000e+00, -2.2641285039014238e+02, -2.2641285039014238e+02, -3.0658402718154179e+01, -2.7258650597200345e-03, 0.0000000000000000e+00
-7.3303799999999997e-01, 6.9630168012172255e+00, 1.0000000000000000e+00, 7.3303799999999997e-01, -6.9630168012172255e+00, 0.0000000000000000e+00, 1.0000000000000000e+00, 1.1189352690013108e+00, 3.0656930023137964e+01, 0.0000000000000000e+00, 3.0656930023137964e+01, -3.0656930023137964e+01, 0.0000000000000000e+00, 0.0000000000000000e+00, -2.1346471882485042e+02, -0.0000000000000000e+00, -2.1346471882485042e+02, -2.1346471882485042e+02, -3.0656930023137964e+01, -4.3391546892278237e-03, 0.0000000000000000e+00
-7.3303799999999997e-01, 6.5410157829616367e+00, 1.0000000000000000e+00, 7.3303799999999997e-01, -6.5410157829616367e+00, 0.0000000000000000e+00, 1.0000000000000000e+00, 1.1188523959863290e+00, 3.0654659442978872e+01, 0.0000000000000000e+00, 3.0654659442978872e+01, -3.0654659442978872e+01, 0.0000000000000000e+00, 0.0000000000000000e+00, -2.0051261123783877e+02, -0.0000000000000000e+00, -2.0051261123783877e+02, -2.0051261123783877e+02, -3.0654659442978872e+01, -6.5296191475930215e-03, 0.0000000000000000e+00
-7.3303799999999997e-01, 6.1190147647060460e+00, 1.0000000000000000e+00, 7.3303799999999997e-01, -6.1190147647060460e+00, 0.0000000000000000e+00, 1.0000000000000000e+00, 1.1187303772638251e+00, 3.0651316336776979e+01, 0.0000000000000000e+00, 3.0651316336776979e+01, -3.0651316336776979e+01, 0.0000000000000000e+00, 0.0000000000000000e+00, -1.8755585722241398e+02, -0.0000000000000000e+00, -1.8755585722241398e+02, -1.8755585722241398e+02, -3.0651316336776979e+01, -9.4516734839294892e-03, 0.0000000000000000e+00
-7.3303799999999997e-01, 5.6970137464504571e+00, 1.0000000000000000e+00, 7.3303799999999997e-01, -5.6970137464504571e+00, 0.0000000000000000e+00, 1.0000000000000000e+00, 1.1185564387886107e+00, 3.0646550717343302e+01, 0.0000000000000000e+00, 3.0646550717343302e+01, -3.0646550717343302e+01, 0.0000000000000000e+00, 0.0000000000000000e+00, -1.7459382071799592e+02, -0.0000000000000000e+00, -1.7459382071799592e+02, -1.7459382071799592e+02, -3.0646550717343302e+01, -1.3310899206002487e-02, 0.0000000000000000e+00
-7.3303799999999997e-01, 5.2750127281948682e+00, 1.0000000000000000e+00, 7.3303799999999997e-01, -5.2750127281948682e+00, 0.0000000000000000e+00, 1.0000000000000000e+00, 1.1183141132905401e+00, 3.0639911409384226e+01, 0.0000000000000000e+00, 3.0639911409384226e+01, -3.0639911409384226e+01, 0.0000000000000000e+00, 0.0000000000000000e+00, -1.6162592267526495e+02, -0.0000000000000000e+00, -1.6162592267526495e+02, -1.6162592267526495e+02, -3.0639911409384226e+01, -1.8385679449457168e-02, 0.0000000000000000e+00
-7.3303799999999997e-01, 4.8530117099392776e+00, 1.0000000000000000e+00, 7.3303799999999997e-01, -4.8530117099392776e+00, 0.0000000000000000e+00, 1.0000000000000000e+00, 1.1179818815095028e+00, 3.0630808821643100e+01, 0.0000000000000000e+00, 3.0630808821643100e+01, -3.0630808821643100e+01, 0.0000000000000000e+00, 0.0000000000000000e+00, -1.4865167389634530e+02, -0.0000000000000000e+00, -1.4865167389634530e+02, -1.4865167389634530e+02, -3.0630808821643100e+01, -2.5060496319273207e-02, 0.0000000000000000e+00
-7.3303799999999997e-01, 4.4310106916836887e+00, 1.0000000000000000e+00, 7.3303799999999997e-01, -4.4310106916836887e+00, 0.0000000000000000e+00, 1.0000000000000000e+00, 1.1175311628350642e+00, 3.0618459893831826e+01, 0.0000000000000000e+00, 3.0618459893831826e+01, -3.0618459893831826e+01, 0.0000000000000000e+00, 0.0000000000000000e+00, -1.3567072315245704e+02, -0.0000000000000000e+00, -1.3567072315245704e+02, -1.3567072315245704e+02, -3.0618459893831826e+01, -3.3878874492872836e-02, 0.0000000000000000e+00
-7.3303799999999997e-01, 4.0090096734280998e+00, 1.0000000000000000e+00, 7.3303799999999997e-01, -4.0090096734280998e+00, 0.0000000000000000e+00, 1.0000000000000000e+00, 1.1169232502876145e+00, 3.0601804120308856e+01, 0.0000000000000000e+00, 3.0601804120308856e+01, -3.0601804120308856e+01, 0.0000000000000000e+00, 0.0000000000000000e+00, -1.2268292874267009e+02, -0.0000000000000000e+00, -1.2268292874267009e+02, -1.2268292874267009e+02, -3.0601804120308856e+01, -4.5630875004976104e-02, 0.0000000000000000e+00
-7.3303799999999997e-01, 3.5870086551725109e+00, 1.0000000000000000e+00, 7.3303799999999997e-01, -3.5870086551725109e+00, 0.0000000000000000e+00, 1.0000000000000000e+00, 1.1161044577552770e+00, 3.0579370592594831e+01, 0.0000000000000000e+00, 3.0579370592594831e+01, -3.0579370592594831e+01, 0.0000000000000000e+00, 0.0000000000000000e+00, -1.0968846698536541e+02, -0.0000000000000000e+00, -1.0968846698536541e+02, -1.0968846698536541e+02, -3.0579370592594831e+01, -6.1504540195824686e-02, 0.0000000000000000e+00
-7.3303799999999997e-01, 3.1650076369169220e+00, 1.0000000000000000e+00, 7.3303799999999997e-01, -3.1650076369169220e+00, 0.0000000000000000e+00, 1.0000000000000000e+00, 1.1149980786721150e+00, 3.0549057680783736e+01, 0.0000000000000000e+00, 3.0549057680783736e+01, -3.0549057680783736e+01, 0.0000000000000000e+00, 0.0000000000000000e+00, -9.6688000860296086e+01, -0.0000000000000000e+00, -9.6688000860296086e+01, -9.6688000860296086e+01, -3.0549057680783736e+01, -8.3363255278582016e-02, 0.0000000000000000e+00
-7.3303799999999997e-01, 2.7430066186613331e+00, 1.0000000000000000e+00, 7.3303799999999997e-01, -2.7430066186613331e+00, 0.0000000000000000e+00, 1.0000000000000000e+00, 1.1134902822938344e+00, 3.0507746615399814e+01, 0.0000000000000000e+00, 3.0507746615399814e+01, -3.0507746615399814e+01, 0.0000000000000000e+00, 0.0000000000000000e+00, -8.3682950886484576e+01, -0.0000000000000000e+00, -8.3682950886484576e+01, -8.3682950886484576e+01, -3.0507746615399814e+01, -1.1429058548738122e-01, 0.0000000000000000e+00
-7.3303799999999997e-01, 2.3210056004057407e+00, 1.0000000000000000e+00, 7.3303799999999997e-01, -2.3210056004057407e+00, 0.0000000000000000e+00, 1.0000000000000000e+00, 1.1114035163360680e+00, 3.0450572764763209e+01, 0.0000000000000000e+00, 3.0450572764763209e+01, -3.0450572764763209e+01, 0.0000000000000000e+00, 0.0000000000000000e+00, -7.0675949922577928e+01, -0.0000000000000000e+00, -7.0675949922577928e+01, -7.0675949922577928e+01, -3.0450572764763209e+01, -1.5976016292261261e-01, 0.0000000000000000e+00
-7.3303799999999997e-01, 1.8990045821501518e+00, 1.0000000000000000e+00, 7.3303799999999997e-01, -1.8990045821501518e+00, 0.0000000000000000e+00, 1.0000000000000000e+00, 1.1084413245016780e+00, 3.0369413728760119e+01, 0.0000000000000000e+00, 3.0369413728760119e+01, -3.0369413728760119e+01, 0.0000000000000000e+00, 0.0000000000000000e+00, -5.7671655828129190e+01, -0.0000000000000000e+00, -5.7671655828129190e+01, -5.7671655828129190e+01, -3.0369413728760119e+01, -2.3045864144986705e-01, 0.0000000000000000e+00
-7.3303799999999997e-01, 1.4770035638945629e+00, 1.0000000000000000e+00, 7.3303799999999997e-01, -1.4770035638945629e+00, 0.0000000000000000e+00, 1.0000000000000000e+00, 1.1040578240639027e+00, 3.0249313245827611e+01, 0.0000000000000000e+00, 3.0249313245827611e+01, -3.0249313245827611e+01, 0.0000000000000000e+00, 0.0000000000000000e+00, -4.4678343469450390e+01, -0.0000000000000000e+00, -4.4678343469450390e+01, -4.4678343469450390e+01, -3.0249313245827611e+01, -3.5028136911478847e-01, 0.0000000000000000e+00
-7.3303799999999997e-01, 1.0550025456389740e+00, 1.0000000000000000e+00, 7.3303799999999997e-01, -1.0550025456389740e+00, 0.0000000000000000e+00, 1.0000000000000000e+00, 1.0970836078962549e+00, 3.0058231542586057e+01, 0.0000000000000000e+00, 3.0058231542586057e+01, -3.0058231542586057e+01, 0.0000000000000000e+00, 0.0000000000000000e+00, -3.1711510794833995e+01, -0.0000000000000000e+00, -3.1711510794833995e+01, -3.1711510794833995e+01, -3.0058231542586057e+01, -5.8502183507181871e-01, 0.0000000000000000e+00
-7.3303799999999997e-01, 6.3300152738338511e-01, 1.0000000000000000e+00, 7.3303799999999997e-01, -6.3300152738338511e-01, 0.0000000000000000e+00, 1.0000000000000000e+00, 1.0842567618453456e+00, 2.9706797699454754e+01, 0.0000000000000000e+00, 2.9706797699454754e+01, -2.9706797699454754e+01, 0.0000000000000000e+00, 0.0000000000000000e+00, -1.8804448317424090e+01, -0.0000000000000000e+00, -1.8804448317424090e+01, -1.8804448317424090e+01, -2.9706797699454754e+01, -1.1950100092994751e+00, 0.0000000000000000e+00
-7.3303799999999997e-01, 2.1100050912779622e-01, 1.0000000000000000e+00, 7.3303799999999997e-01, -2.1100050912779622e-01, 0.0000000000000000e+00, 1.0000000000000000e+00, 1.0495262616608507e+00, 2.8755240854906500e+01, 0.0000000000000000e+00, 2.8755240854906500e+01, -2.8755240854906500e+01, 0.0000000000000000e+00, 0.0000000000000000e+00, -6.0673704604776777e+00, -0.0000000000000000e+00, -6.0673704604776777e+00, -6.0673704604776777e+00, -2.8755240854906500e+01, -4.3249513073108794e+00, 0.0000000000000000e+00
-7.3303799999999997e-01, -2.1100050912779267e-01, 1.0000000000000000e+00, 7.3303799999999997e-01, 2.1100050912779267e-01, 0.0000000000000000e+00, 1.0000000000000000e+00, 9.4007361337879103e-01, 2.5756423789979124e+01, 0.0000000000000000e+00, 2.5756423789979124e+01, -2.5756423789979124e+01, 0.0000000000000000e+00, 0.0000000000000000e+00, 5.4346185329967867e+00, 0.0000000000000000e+00, 5.4346185329967867e+00, 5.4346185329967867e+00, -2.5756423789979124e+01, -7.6218805894498924e+00, 0.0000000000000000e+00
-7.3303799999999997e-01, -6.3300152738338156e-01, 1.0000000000000000e+00, 7.3303799999999997e-01, 6.3300152738338156e-01, 0.0000000000000000e+00, 1.0000000000000000e+00, 8.3146224727559492e-01, 2.2780656430965614e+01, 0.0000000000000000e+00, 2.2780656430965614e+01, -2.2780656430965614e+01, 0.0000000000000000e+00, 0.0000000000000000e+00, 1.4420190315597287e+01, 0.0000000000000000e+00, 1.4420190315597287e+01, 1.4420190315597287e+01, -2.2780656430965614e+01, -6.4354511118288569e+00, 0.0000000000000000e+00
-7.3303799999999997e-01, -1.0550025456389704e+00, 1.0000000000000000e+00, 7.3303799999999997e-01, 1.0550025456389704e+00, 0.0000000000000000e+00, 1.0000000000000000e+00, 7.4094405723745971e-01, 2.0300611432207990e+01, 0.0000000000000000e+00, 2.0300611432207990e+01, -2.0300611432207990e+01, 0.0000000000000000e+00, 0.0000000000000000e+00, 2.1417196739007014e+01, 0.0000000000000000e+00, 2.1417196739007014e+01, 2.1417196739007014e+01, -2.0300611432207990e+01, -5.3733171703916867e+00, 0.0000000000000000e+00
-7.3303799999999997e-01, -1.4770035638945629e+00, 1.0000000000000000e+00, 7.3303799999999997e-01, 1.4770035638945629e+00, 0.0000000000000000e+00, 1.0000000000000000e+00, 6.6435641287796809e-01, 1.8202239775855134e+01, 0.0000000000000000e+00, 1.8202239775855134e+01, -1.8202239775855134e+01, 0.0000000000000000e+00, 0.0000000000000000e+00, 2.6884773019801401e+01, 0.0000000000000000e+00, 2.6884773019801401e+01, 2.6884773019801401e+01, -1.8202239775855134e+01, -4.6145274555136409e+00, 0.0000000000000000e+00
-7.3303799999999997e-01, -1.8990045821501518e+00, 1.0000000000000000e+00, 7.3303799999999997e-01, 1.8990045821501518e+00, 0.0000000000000000e+00, 1.0000000000000000e+00, 5.9773542819255576e-01, 1.6376937703290970e+01, 0.0000000000000000e+00, 1.6376937703290970e+01, -1.6376937703290970e+01, 0.0000000000000000e+00, 0.0000000000000000e+00, 3.1099879740137137e+01, 0.0000000000000000e+00, 3.1099879740137137e+01, 3.1099879740137137e+01, -1.6376937703290970e+01, -4.0631531177292004e+00, 0.0000000000000000e+00
-7.3303799999999997e-01, -2.3210056004057407e+00, 1.0000000000000000e+00, 7.3303799999999997e-01, 2.3210056004057407e+00, 0.0000000000000000e+00, 1.0000000000000000e+00, 5.3852948721238436e-01, 1.4754795261393355e+01, 0.0000000000000000e+00, 1.4754795261393355e+01, -1.4754795261393355e+01, 0.0000000000000000e+00, 0.0000000000000000e+00, 3.4245962434534057e+01, 0.0000000000000000e+00, 3.4245962434534057e+01, 3.4245962434534057e+01, -1.4754795261393355e+01, -3.6417522029668024e+00, 0.0000000000000000e+00
-7.3303799999999997e-01, -2.7430066186613296e+00, 1.0000000000000000e+00, 7.3303799999999997e-01, 2.7430066186613296e+00, 0.0000000000000000e+00, 1.0000000000000000e+00, 4.8512597787042538e-01, 1.3291629612546055e+01, 0.0000000000000000e+00, 1.3291629612546055e+01, -1.3291629612546055e+01, 0.0000000000000000e+00, 0.0000000000000000e+00, 3.6459028000008750e+01, 0.0000000000000000e+00, 3.6459028000008750e+01, 3.6459028000008750e+01, -1.3291629612546055e+01, -3.3038589399967773e+00, 0.0000000000000000e+00
-7.3303799999999997e-01, -3.1650076369169184e+00, 1.0000000000000000e+00, 7.3303799999999997e-01, 3.1650076369169184e+00, 0.0000000000000000e+00, 1.0000000000000000e+00, 4.3646949751619796e-01, 1.1958524512799672e+01, 0.0000000000000000e+00, 1.1958524512799672e+01, -1.1958524512799672e+01, 0.0000000000000000e+00, 0.0000000000000000e+00, 3.7848821409269135e+01, 0.0000000000000000e+00, 3.7848821409269135e+01, 3.7848821409269135e+01, -1.1958524512799672e+01, -3.0218039530272240e+00, 0.0000000000000000e+00
-7.3303799999999997e-01, -3.5870086551725073e+00, 1.0000000000000000e+00, 7.3303799999999997e-01, 3.5870086551725073e+00, 0.0000000000000000e+00, 1.0000000000000000e+00, 3.9184169795705404e-01, 1.0735798439116763e+01, 0.0000000000000000e+00, 1.0735798439116763e+01, -1.0735798439116763e+01, 0.0000000000000000e+00, 0.0000000000000000e+00, 3.8509401921299322e+01, 0.0000000000000000e+00, 3.8509401921299322e+01, 3.8509401921299322e+01, -1.0735798439116763e+01, -2.7784928972916982e+00, 0.0000000000000000e+00
-7.3303799999999997e-01, -4.0090096734280962e+00, 1.0000000000000000e+00, 7.3303799999999997e-01, 4.0090096734280962e+00, 0.0000000000000000e+00, 1.0000000000000000e+00, 3.5073645414944588e-01, 9.6095844230739882e+00, 0.0000000000000000e+00, 9.6095844230739882e+00, -9.6095844230739882e+00, 0.0000000000000000e+00, 0.0000000000000000e+00, 3.8524916909727573e+01, 0.0000000000000000e+00, 3.8524916909727573e+01, 3.8524916909727573e+01, -9.6095844230739882e+00, -2.5629292470253451e+00, 0.0000000000000000e+00
-7.3303799999999997e-01, -4.4310106916836887e+00, 1.0000000000000000e+00, 7.3303799999999997e-01, 4.4310106916836887e+00, 0.0000000000000000e+00, 1.0000000000000000e+00, 3.1278638664295905e-01, 8.5698168903568064e+00, 0.0000000000000000e+00, 8.5698168903568064e+00, -8.5698168903568064e+00, 0.0000000000000000e+00, 0.0000000000000000e+00, 3.7972950266942469e+01, 0.0000000000000000e+00, 3.7972950266942469e+01, 3.7972950266942469e+01, -8.5698168903568064e+00, -2.3678024154605564e+00, 0.0000000000000000e+00
-7.3303799999999997e-01, -4.8530117099392776e+00, 1.0000000000000000e+00, 7.3303799999999997e-01, 4.8530117099392776e+00, 0.0000000000000000e+00, 1.0000000000000000e+00, 2.7771731996897736e-01, 7.6089838977918403e+00, 0.0000000000000000e+00, 7.6089838977918403e+00, -7.6089838977918403e+00, 0.0000000000000000e+00, 0.0000000000000000e+00, 3.6926487956723207e+01, 0.0000000000000000e+00, 3.6926487956723207e+01, 3.6926487956723207e+01, -7.6089838977918403e+00, -2.1881577496345010e+00, 0.0000000000000000e+00
-7.3303799999999997e-01, -5.2750127281948664e+00, 1.0000000000000000e+00, 7.3303799999999997e-01, 5.2750127281948664e+00, 0.0000000000000000e+00, 1.0000000000000000e+00, 2.4531830122045850e-01, 6.7213056932445898e+00, 0.0000000000000000e+00, 6.7213056932445898e+00, -6.7213056932445898e+00, 0.0000000000000000e+00, 0.0000000000000000e+00, 3.5454973081953831e+01, 0.0000000000000000e+00, 3.5454973081953831e+01, 3.5454973081953831e+01, -6.7213056932445898e+00, -2.0206486549354650e+00, 0.0000000000000000e+00
-7.3303799999999997e-01, -5.6970137464504553e+00, 1.0000000000000000e+00, 7.3303799999999997e-01, 5.6970137464504553e+00, 0.0000000000000000e+00, 1.0000000000000000e+00, 2.1542037011094742e-01, 5.9021530512164588e+00, 0.0000000000000000e+00, 5.9021530512164588e+00, -5.9021530512164588e+00, 0.0000000000000000e+00, 0.0000000000000000e+00, 3.3624647066434662e+01, 0.0000000000000000e+00, 3.3624647066434662e+01, 3.3624647066434662e+01, -5.9021530512164588e+00, -1.8631188569664077e+00, 0.0000000000000000e+00
-7.3303799999999997e-01, -6.1190147647060442e+00, 1.0000000000000000e+00, 7.3303799999999997e-01, 6.1190147647060442e+00, 0.0000000000000000e+00, 1.0000000000000000e+00, 1.8788010249144280e-01, 5.1475963930969835e+00, 0.0000000000000000e+00, 5.1475963930969835e+00, -5.1475963930969835e+00, 0.0000000000000000e+00, 0.0000000000000000e+00, 3.1498218332108021e+01, 0.0000000000000000e+00, 3.1498218332108021e+01, 3.1498218332108021e+01, -5.1475963930969835e+00, -1.7143849920809346e+00, 0.0000000000000000e+00
-7.3303799999999997e-01, -6.5410157829616331e+00, 1.0000000000000000e+00, 7.3303799999999997e-01, 6.5410157829616331e+00, 0.0000000000000000e+00, 1.0000000000000000e+00, 1.6256542865378104e-01, 4.4540172327113901e+00, 0.0000000000000000e+00, 4.4540172327113901e+00, -4.4540172327113901e+00, 0.0000000000000000e+00, 0.0000000000000000e+00, 2.9133797016748300e+01, 0.0000000000000000e+00, 2.9133797016748300e+01, 2.9133797016748300e+01, -4.4540172327113901e+00, -1.5741501697146427e+00, 0.0000000000000000e+00
-7.3303799999999997e-01, -6.9630168012172220e+00, 1.0000000000000000e+00, 7.3303799999999997e-01, 6.9630168012172220e+00, 0.0000000000000000e+00, 1.0000000000000000e+00, 1.3934204555859839e-01, 3.8177358943950215e+00, 0.0000000000000000e+00, 3.8177358943950215e+00, -3.8177358943950215e+00, 0.0000000000000000e+00, 0.0000000000000000e+00, 2.6582959175282593e+01, 0.0000000000000000e+00, 2.6582959175282593e+01, 2.6582959175282593e+01, -3.8177358943950215e+00, -1.4430077713995191e+00, 0.0000000000000000e+00
-7.3303799999999997e-01, -7.3850178194728109e+00, 1.0000000000000000e+00, 7.3303799999999997e-01, 7.3850178194728109e+00, 0.0000000000000000e+00, 1.0000000000000000e+00, 1.1805927662964678e-01, 3.2346240953221117e+00, 0.0000000000000000e+00, 3.2346240953221117e+00, -3.2346240953221117e+00, 0.0000000000000000e+00, 0.0000000000000000e+00, 2.3887756583249914e+01, 0.0000000000000000e+00, 2.3887756583249914e+01, 2.3887756583249914e+01, -3.2346240953221117e+00, -1.3225041184830044e+00, 0.0000000000000000e+00
-7.3303799999999997e-01, -7.8070188377283998e+00, 1.0000000000000000e+00, 7.3303799999999997e-01, 7.8070188377283998e+00, 0.0000000000000000e+00, 1.0000000000000000e+00, 9.8534741895971362e-02, 2.6996849333821613e+00, 0.0000000000000000e+00, 2.6996849333821613e+00, -2.6996849333821613e+00, 0.0000000000000000e+00, 0.0000000000000000e+00, 2.1076491130846073e+01, 0.0000000000000000e+00, 2.1076491130846073e+01, 2.1076491130846073e+01, -2.6996849333821613e+00, -1.2152228283640858e+00, 0.0000000000000000e+00
-7.3303799999999997e-01, -8.2290198559839922e+00, 1.0000000000000000e+00, 7.3303799999999997e-01, 8.2290198559839922e+00, 0.0000000000000000e+00, 1.0000000000000000e+00, 8.0537911797901707e-02, 2.2066022893367547e+00, 0.0000000000000000e+00, 2.2066022893367547e+00, -2.2066022893367547e+00, 0.0000000000000000e+00, 0.0000000000000000e+00, 1.8158174053211887e+01, 0.0000000000000000e+00, 1.8158174053211887e+01, 1.8158174053211887e+01, -2.2066022893367547e+00, -1.1248334462084100e+00, 0.0000000000000000e+00
-7.3303799999999997e-01, -8.6510208742395811e+00, 1.0000000000000000e+00, 7.3303799999999997e-01, 8.6510208742395811e+00, 0.0000000000000000e+00, 1.0000000000000000e+00, 6.3773736744224110e-02, 1.7472923044303563e+00, 0.0000000000000000e+00, 1.7472923044303563e+00, -1.7472923044303563e+00, 0.0000000000000000e+00, 0.0000000000000000e+00, 1.5115862199025193e+01, 0.0000000000000000e+00, 1.5115862199025193e+01, 1.5115862199025193e+01, -1.7472923044303563e+00, -1.0560152217122398e+00, 0.0000000000000000e+00
-7.3303799999999997e-01, -9.0730218924951700e+00, 1.0000000000000000e+00, 7.3303799999999997e-01, 9.0730218924951700e+00, 0.0000000000000000e+00, 1.0000000000000000e+00, 4.7869165095278957e-02, 1.3115339959762107e+00, 0.0000000000000000e+00, 1.3115339959762107e+00, -1.3115339959762107e+00, 0.0000000000000000e+00, 0.0000000000000000e+00, 1.1899576658243832e+01, 0.0000000000000000e+00, 1.1899576658243832e+01, 1.1899576658243832e+01, -1.3115339959762107e+00, -1.0141370983120217e+00, 0.0000000000000000e+00
-7.3303799999999997e-01, -9.4950229107507589e+00, 1.0000000000000000e+00, 7.3303799999999997e-01, 9.4950229107507589e+00, 0.0000000000000000e+00, 1.0000000000000000e+00, 3.2369772742233620e-02, 8.8687691354053855e-01, 0.0000000000000000e+00, 8.8687691354053855e-01, -8.8687691354053855e-01, 0.0000000000000000e+00, 0.0000000000000000e+00, 8.4209166130833335e+00, 0.0000000000000000e+00, 8.4209166130833335e+00, 8.4209166130833335e+00, -8.8687691354053855e-01, -1.0023977535891557e+00, 0.0000000000000000e+00
-7.3303799999999997e-01, -9.9170239290063478e+00, 1.0000000000000000e+00, 7.3303799999999997e-01, 9.9170239290063478e+00, 0.0000000000000000e+00, 1.0000000000000000e+00, 1.7106473781913382e-02, 4.6868838993951528e-01, 0.0000000000000000e+00, 4.6868838993951528e-01, -4.6868838993951528e-01, 0.0000000000000000e+00, 0.0000000000000000e+00, 4.6479939782776309e+00, 0.0000000000000000e+00, 4.6479939782776309e+00, 4.6479939782776309e+00, -4.6868838993951528e-01, -9.7410205422718787e-01, 0.0000000000000000e+00
-7.3303799999999997e-01, -1.0339024947261937e+01, 1.0000000000000000e+00, 7.3303799999999997e-01, 1.0339024947261937e+01, 0.0000000000000000e+00, 1.0000000000000000e+00, 2.6968902854925658e-03, 7.3890223190676188e-02, 0.0000000000000000e+00, 7.3890223190676188e-02, -7.3890223190676188e-02, 0.0000000000000000e+00, 0.0000000000000000e+00, 7.6395286092715364e-01, 0.0000000000000000e+00, 7.6395286092715364e-01, 7.6395286092715364e-01, -7.3890223190676188e-02, -8.5283475713352253e-01, 0.0000000000000000e+00
-7.3303799999999997e-01, -1.0761025965517526e+01, 1.0000000000000000e+00, 7.3303799999999997e-01, 1.0761025965517526e+01, 0.0000000000000000e+00, 1.0000000000000000e+00, 1.3660278320312501e-04, 3.7426847482981466e-03, 0.0000000000000000e+00, 3.7426847482981466e-03, -3.7426847482981466e-03, 0.0000000000000000e+00, 0.0000000000000000e+00, 4.0275127757182783e-02, 0.0000000000000000e+00, 4.0275127757182783e-02, 4.0275127757182783e-02, -3.7426847482981466e-03, -0.0000000000000000e+00, 0.0000000000000000e+00
-7.3303799999999997e-01, -1.1183026983773118e+01, 1.0000000000000000e+00, 7.3303799999999997e-01, 1.1183026983773118e+01, 0.0000000000000000e+00, 1.0000000000000000e+00, 1.3660278320312501e-04, 3.7426847482981466e-03, 0.0000000000000000e+00, 3.7426847482981466e-03, -3.7426847482981466e-03, 0.0000000000000000e+00, 0.0000000000000000e+00, 4.1854544531974271e-02, 0.0000000000000000e+00, 4.1854544531974271e-02, 4.1854544531974271e-02, -3.7426847482981466e-03, -0.0000000000000000e+00, 0.0000000000000000e+00
-7.3303799999999997e-01, -1.1605028002028703e+01, 1.0000000000000000e+00, 7.3303799999999997e-01, 1.1605028002028703e+01, 0.0000000000000000e+00, 1.0000000000000000e+00, 1.3660278320312501e-04, 3.7426847482981466e-03, 0.0000000000000000e+00, 3.7426847482981466e-03, -3.7426847482981466e-03, 0.0000000000000000e+00, 0.0000000000000000e+00, 4.3433961306765738e-02, 0.0000000000000000e+00, 4.3433961306765738e-02, 4.3433961306765738e-02, -3.7426847482981466e-03, -0.0000000000000000e+00, 0.0000000000000000e+00
-7.3303799999999997e-01, -1.2027029020284296e+01, 1.0000000000000000e+00, 7.3303799999999997e-01, 1.2027029020284296e+01, 0.0000000000000000e+00, 1.0000000000000000e+00, 1.3660278320312501e-04, 3.7426847482981466e-03, 0.0000000000000000e+00, 3.7426847482981466e-03, -3.7426847482981466e-03, 0.0000000000000000e+00, 0.0000000000000000e+00, 4.5013378081557233e-02, 0.0000000000000000e+00, 4.5013378081557233e-02, 4.5013378081557233e-02, -3.7426847482981466e-03, -0.0000000000000000e+00, 0.0000000000000000e+00
-7.3303799999999997e-01, -1.2449030038539881e+01, 1.0000000000000000e+00, 7.3303799999999997e-01, 1.2449030038539881e+01, 0.0000000000000000e+00, 1.0000000000000000e+00, 1.3660278320312501e-04, 3.7426847482981466e-03, 0.0000000000000000e+00, 3.7426847482981466e-03, -3.7426847482981466e-03, 0.0000000000000000e+00, 0.0000000000000000e+00, 4.6592794856348700e-02, 0.0000000000000000e+00, 4.6592794856348700e-02, 4.6592794856348700e-02, -3.7426847482981466e-03, -0.0000000000000000e+00, 0.0000000000000000e+00
-7.3303799999999997e-01, -1.2871031056795474e+01, 1.0000000000000000e+00, 7.3303799999999997e-01, 1.2871031056795474e+01, 0.0000000000000000e+00, 1.0000000000000000e+00, 1.3660278320312501e-04, 3.7426847482981466e-03, 0.0000000000000000e+00, 3.7426847482981466e-03, -3.7426847482981466e-03, 0.0000000000000000e+00, 0.0000000000000000e+00, 4.8172211631140195e-02, 0.0000000000000000e+00, 4.8172211631140195e-02, 4.8172211631140195e-02, -3.7426847482981466e-03, -0.0000000000000000e+00, 0.0000000000000000e+00
-7.3303799999999997e-01, -1.3293032075051066e+01, 1.0000000000000000e+00, 7.3303799999999997e-01, 1.3293032075051066e+01, 0.0000000000000000e+00, 1.0000000000000000e+00, 1.3660278320312501e-04, 3.7426847482981466e-03, 0.0000000000000000e+00, 3.7426847482981466e-03, -3.7426847482981466e-03, 0.0000000000000000e+00, 0.0000000000000000e+00, 4.9751628405931690e-02, 0.0000000000000000e+00, 4.9751628405931690e-02, 4.9751628405931690e-02, -3.7426847482981466e-03, -0.0000000000000000e+00, 0.0000000000000000e+00
-7.3303799999999997e-01, -1.3715033093306651e+01, 1.0000000000000000e+00, 7.3303799999999997e-01, 1.3715033093306651e+01, 0.0000000000000000e+00, 1.0000000000000000e+00, 1.3660278320312501e-04, 3.7426847482981466e-03, 0.0000000000000000e+00, 3.7426847482981466e-03, -3.7426847482981466e-03, 0.0000000000000000e+00, 0.0000000000000000e+00, 5.1331045180723157e-02, 0.0000000000000000e+00, 5.1331045180723157e-02, 5.1331045180723157e-02, -3.7426847482981466e-03, -0.0000000000000000e+00, 0.0000000000000000e+00
-7.3303799999999997e-01, -1.4137034111562244e+01, 1.0000000000000000e+00, 7.3303799999999997e-01, 1.4137034111562244e+01, 0.0000000000000000e+00, 1.0000000000000000e+00, 1.3660278320312501e-04, 3.7426847482981466e-03, 0.0000000000000000e+00, 3.7426847482981466e-03, -3.7426847482981466e-03, 0.0000000000000000e+00, 0.0000000000000000e+00, 5.2910461955514645e-02, 0.0000000000000000e+00, 5.2910461955514645e-02, 5.2910461955514645e-02, -3.7426847482981466e-03, -0.0000000000000000e+00, 0.0000000000000000e+00
-7.3303799999999997e-01, -1.4559035129817829e+01, 1.0000000000000000e+00, 7.3303799999999997e-01, 1.4559035129817829e+01, 0.0000000000000000e+00, 1.0000000000000000e+00, 1.3660278320312501e-04, 3.7426847482981466e-03, 0.0000000000000000e+00, 3.7426847482981466e-03, -3.7426847482981466e-03, 0.0000000000000000e+00, 0.0000000000000000e+00, 5.4489878730306113e-02, 0.0000000000000000e+00, 5.4489878730306113e-02, 5.4489878730306113e-02, -3.7426847482981466e-03, -0.0000000000000000e+00, 0.0000000000000000e+00
-7.3303799999999997e-01, -1.4981036148073422e+01, 1.0000000000000000e+00, 7.3303799999999997e-01, 1.4981036148073422e+01, 0.0000000000000000e+00, 1.0000000000000000e+00, 1.3660278320312501e-04, 3.7426847482981466e-03, 0.0000000000000000e+00, 3.7426847482981466e-03, -3.7426847482981466e-03, 0.0000000000000000e+00, 0.0000000000000000e+00, 5.6069295505097608e-02, 0.0000000000000000e+00, 5.6069295505097608e-02, 5.6069295505097608e-02, -3.7426847482981466e-03, -0.0000000000000000e+00, 0.0000000000000000e+00
-7.3303799999999997e-01, -1.5403037166329007e+01, 1.0000000000000000e+00, 7.3303799999999997e-01, 1.5403037166329007e+01, 0.0000000000000000e+00, 1.0000000000000000e+00, 1.3660278320312501e-04, 3.7426847482981466e-03, 0.0000000000000000e+00, 3.7426847482981466e-03, -3.7426847482981466e-03, 0.0000000000000000e+00, 0.0000000000000000e+00, 5.7648712279889075e-02, 0.0000000000000000e+00, 5.7648712279889075e-02, 5.7648712279889075e-02, -3.7426847482981466e-03, -0.0000000000000000e+00, 0.0000000000000000e+00
-7.3303799999999997e-01, -1.5825038184584599e+01, 1.0000000000000000e+00, 7.3303799999999997e-01, 1.5825038184584599e+01, 0.0000000000000000e+00, 1.0000000000000000e+00, 1.3660278320312501e-04, 3.7426847482981466e-03, 0.0000000000000000e+00, 3.7426847482981466e-03, -3.7426847482981466e-03, 0.0000000000000000e+00, 0.0000000000000000e+00, 5.9228129054680570e-02, 0.0000000000000000e+00, 5.9228129054680570e-02, 5.9228129054680570e-02, -3.7426847482981466e-03, -0.0000000000000000e+00, 0.0000000000000000e+00
-7.3303799999999997e-01, -1.6247039202840192e+01, 1.0000000000000000e+00, 7.3303799999999997e-01, 1.6247039202840192e+01, 0.0000000000000000e+00, 1.0000000000000000e+00, 1.3660278320312501e-04, 3.7426847482981466e-03, 0.0000000000000000e+00, 3.7426847482981466e-03, -3.7426847482981466e-03, 0.0000000000000000e+00, 0.0000000000000000e+00, 6.0807545829472065e-02, 0.0000000000000000e+00, 6.0807545829472065e-02, 6.0807545829472065e-02, -3.7426847482981466e-03, -0.0000000000000000e+00, 0.0000000000000000e+00
-7.3303799999999997e-01, -1.6669040221095777e+01, 1.0000000000000000e+00, 7.3303799999999997e-01, 1.6669040221095777e+01, 0.0000000000000000e+00, 1.0000000000000000e+00, 1.3660278320312501e-04, 3.7426847482981466e-03, 0.0000000000000000e+00, 3.7426847482981466e-03, -3.7426847482981466e-03, 0.0000000000000000e+00, 0.0000000000000000e+00, 6.2386962604263532e-02, 0.0000000000000000e+00, 6.2386962604263532e-02, 6.2386962604263532e-02, -3.7426847482981466e-03, -0.0000000000000000e+00, 0.0000000000000000e+00
-7.3303799999999997e-01, -1.7091041239351370e+01, 1.0000000000000000e+00, 7.3303799999999997e-01, 1.7091041239351370e+01, 0.0000000000000000e+00, 1.0000000000000000e+00, 1.3660278320312501e-04, 3.7426847482981466e-03, 0.0000000000000000e+00, 3.7426847482981466e-03, -3.7426847482981466e-03, 0.0000000000000000e+00, 0.0000000000000000e+00, 6.3966379379055027e-02, 0.0000000000000000e+00, 6.3966379379055027e-02, 6.3966379379055027e-02, -3.7426847482981466e-03, -0.0000000000000000e+00, 0.0000000000000000e+00
-7.3303799999999997e-01, -1.7513042257606955e+01, 1.0000000000000000e+00, 7.3303799999999997e-01, 1.7513042257606955e+01, 0.0000000000000000e+00, 1.0000000000000000e+00, 1.3660278320312501e-04, 3.7426847482981466e-03, 0.0000000000000000e+00, 3.7426847482981466e-03, -3.7426847482981466e-03, 0.0000000000000000e+00, 0.0000000000000000e+00, 6.5545796153846494e-02, 0.0000000000000000e+00, 6.5545796153846494e-02, 6.5545796153846494e-02, -3.7426847482981466e-03, -0.0000000000000000e+00, 0.0000000000000000e+00
-7.3303799999999997e-01, -1.7935043275862547e+01, 1.0000000000000000e+00, 7.3303799999999997e-01, 1.7935043275862547e+01, 0.0000000000000000e+00, 1.0000000000000000e+00, 1.3660278320312501e-04, 3.7426847482981466e-03, 0.0000000000000000e+00, 3.7426847482981466e-03, -3.7426847482981466e-03, 0.0000000000000000e+00, 0.0000000000000000e+00, 6.7125212928637989e-02, 0.0000000000000000e+00, 6.7125212928637989e-02, 6.7125212928637989e-02, -3.7426847482981466e-03, -0.0000000000000000e+00, 0.0000000000000000e+00
-7.3303799999999997e-01, -1.8357044294118133e+01, 1.0000000000000000e+00, 7.3303799999999997e-01, 1.8357044294118133e+01, 0.0000000000000000e+00, 1.0000000000000000e+00, 1.3660278320312501e-04, 3.7426847482981466e-03, 0.0000000000000000e+00, 3.7426847482981466e-03, -3.7426847482981466e-03, 0.0000000000000000e+00, 0.0000000000000000e+00, 6.8704629703429457e-02, 0.0000000000000000e+00, 6.8704629703429457e-02, 6.8704629703429457e-02, -3.7426847482981466e-03, -0.0000000000000000e+00, 0.0000000000000000e+00
-7.3303799999999997e-01, -1.8779045312373725e+01, 1.0000000000000000e+00, 7.3303799999999997e-01, 1.8779045312373725e+01, 0.0000000000000000e+00, 1.0000000000000000e+00, 1.3660278320312501e-04, 3.7426847482981466e-03, 0.0000000000000000e+00, 3.7426847482981466e-03, -3.7426847482981466e-03, 0.0000000000000000e+00, 0.0000000000000000e+00, 7.0284046478220938e-02, 0.0000000000000000e+00, 7.0284046478220938e-02, 7.0284046478220938e-02, -3.7426847482981466e-03, -0.0000000000000000e+00, 0.0000000000000000e+00
-7.3303799999999997e-01, -1.9201046330629310e+01, 1.0000000000000000e+00, 7.3303799999999997e-01, 1.9201046330629310e+01, 0.0000000000000000e+00, 1.0000000000000000e+00, 1.3660278320312501e-04, 3.7426847482981466e-03, 0.0000000000000000e+00, 3.7426847482981466e-03, -3.7426847482981466e-03, 0.0000000000000000e+00, 0.0000000000000000e+00, 7.1863463253012405e-02, 0.0000000000000000e+00, 7.1863463253012405e-02, 7.1863463253012405e-02, -3.7426847482981466e-03, -0.0000000000000000e+00, 0.0000000000000000e+00
-7.3303799999999997e-01, -1.9623047348884903e+01, 1.0000000000000000e+00, 7.3303799999999997e-01, 1.9623047348884903e+01, 0.0000000000000000e+00, 1.0000000000000000e+00, 1.3660278320312501e-04, 3.7426847482981466e-03, 0.0000000000000000e+00, 3.7426847482981466e-03, -3.7426847482981466e-03, 0.0000000000000000e+00, 0.0000000000000000e+00, 7.3442880027803900e-02, 0.0000000000000000e+00, 7.3442880027803900e-02, 7.3442880027803900e-02, -3.7426847482981466e-03, -0.0000000000000000e+00, 0.0000000000000000e+00
-7.3303799999999997e-01, -2.0045048367140495e+01, 1.0000000000000000e+00, 7.3303799999999997e-01, 2.0045048367140495e+01, 0.0000000000000000e+00, 1.0000000000000000e+00, 1.3660278320312501e-04, 3.7426847482981466e-03, 0.0000000000000000e+00, 3.7426847482981466e-03, -3.7426847482981466e-03, 0.0000000000000000e+00, 0.0000000000000000e+00, 7.5022296802595395e-02, 0.0000000000000000e+00, 7.5022296802595395e-02, 7.5022296802595395e-02, -3.7426847482981466e-03, -0.0000000000000000e+00, 0.0000000000000000e+00
-7.3303799999999997e-01, -2.0467049385396081e+01, 1.0000000000000000e+00, 7.3303799999999997e-01, 2.0467049385396081e+01, 0.0000000000000000e+00, 1.0000000000000000e+00, 1.3660278320312501e-04, 3.7426847482981466e-03, 0.0000000000000000e+00, 3.7426847482981466e-03, -3.7426847482981466e-03, 0.0000000000000000e+00, 0.0000000000000000e+00, 7.6601713577386862e-02, 0.0000000000000000e+00, 7.6601713577386862e-02, 7.6601713577386862e-02, -3.7426847482981466e-03, -0.0000000000000000e+00, 0.0000000000000000e+00
-7.3303799999999997e-01, -2.0889050403651673e+01, 1.0000000000000000e+00, 7.3303799999999997e-01, 2.0889050403651673e+01, 0.0000000000000000e+00, 1.0000000000000000e+00, 1.3660278320312501e-04, 3.7426847482981466e-03, 0.0000000000000000e+00, 3.7426847482981466e-03, -3.7426847482981466e-03, 0.0000000000000000e+00, 0.0000000000000000e+00, 7.8181130352178357e-02, 0.0000000000000000e+00, 7.8181130352178357e-02, 7.8181130352178357e-02, -3.7426847482981466e-03, -0.0000000000000000e+00, 0.0000000000000000e+00
